"https://www.musicfestivalwizard.com/festivals/the-musicfest-steamboat-2020/","The MusicFest Steamboat 2020","Steamboat Springs, CO","January 5-10, 2020"
"https://www.musicfestivalwizard.com/festivals/friendship-2020/","Friendship 2020","Miami, FL","January 6-10, 2020"
"https://www.musicfestivalwizard.com/festivals/jam-cruise-2020/","Jam Cruise 2020","Miami, FL","January 7-12, 2020"
"https://www.musicfestivalwizard.com/festivals/70000-tons-of-metal-2020/","70000 Tons of Metal 2020","Miami, FL","January 7-11, 2020"
"https://www.musicfestivalwizard.com/festivals/groove-cruise-miami-2020/","Groove Cruise Miami 2020","Miami, FL","January 9-13, 2020"
"https://www.musicfestivalwizard.com/festivals/tomorrow-never-knows-2020/","Tomorrow Never Knows 2020","Chicago, IL","January 15-19, 2020"
"https://www.musicfestivalwizard.com/festivals/wobbleland-2020/","Wobbleland 2020","San Francisco, CA","January 17-18, 2020"
"https://www.musicfestivalwizard.com/festivals/30a-songwriters-festival-2020/","30A Songwriters Festival 2020","Santa Rosa Beach, FL","January 17-20, 2020"
"https://www.musicfestivalwizard.com/festivals/alter-ego-festival-2020/","Alter Ego Festival 2020","Los Angeles, CA","January 18, 2020"
"https://www.musicfestivalwizard.com/festivals/alter-ego-festival-2021/","Alter Ego Festival 2021","Los Angeles, CA","January 18, 2021"
"https://www.musicfestivalwizard.com/festivals/4xfar-music-festival-2020/","4xFAR Music Festival 2020","Coachella Valley, CA","January 18-19, 2020"
"https://www.musicfestivalwizard.com/festivals/the-rock-boat-2020/","The Rock Boat 2020","Tampa, FL","January 24-29, 2020"
"https://www.musicfestivalwizard.com/festivals/mile-0-festival-key-west-2020/","Mile 0 Festival Key West 2020","Key West, FL","January 28-February 1, 2020"
"https://www.musicfestivalwizard.com/festivals/gem-and-jam-2020/","Gem and Jam 2020","Tucson, AZ","January 31-February 2, 2020"
"https://www.musicfestivalwizard.com/festivals/vewtopia-2020/","Vewtopia 2020","Miami, FL","January 31-February 1, 2020"
"https://www.musicfestivalwizard.com/festivals/shiprocked-2020/","Shiprocked 2020","New Orleans, LA","February 1-6, 2020"
"https://www.musicfestivalwizard.com/festivals/cayamo-2020/","Cayamo 2020","Miami, FL","February 3-10, 2020"
"https://www.musicfestivalwizard.com/festivals/brainquility-fest-2020/","Brainquility Fest 2020","Live Oak, FL","February 6-8, 2020"
"https://www.musicfestivalwizard.com/festivals/one-love-cali-2020/","One Love Cali 2020","Long Beach, CA","February 7-9, 2020"
"https://www.musicfestivalwizard.com/festivals/groundup-music-festival-2020/","GroundUP Music Festival 2020","Miami Beach, FL","February 14-16, 2020"
"https://www.musicfestivalwizard.com/festivals/crush-arizona-2020/","Crush Arizona 2020","Chandler, AZ","February 14, 2020"
"https://www.musicfestivalwizard.com/festivals/crush-san-francisco-2020/","Crush San Francisco 2020","San Francisco, CA","February 14-15, 2020"
"https://www.musicfestivalwizard.com/festivals/forbidden-kingdom-2020/","Forbidden Kingdom Festival 2020","Boca Raton, FL","February 15-16, 2020"
"https://www.musicfestivalwizard.com/festivals/winterwondergrass-colorado-2020/","WinterWonderGrass Colorado 2020","Steamboat Springs, CO","February 21-23, 2020"
"https://www.musicfestivalwizard.com/festivals/arizona-roots-2020/","Arizona Roots 2020","Chandler, AZ","February 22-23, 2020"
"https://www.musicfestivalwizard.com/festivals/noise-pop-2020/","Noise Pop 2020","San Francisco, CA","February 24-March 1, 2020"
"https://www.musicfestivalwizard.com/festivals/innings-festival-2020/","Innings Festival 2020","Tempe, Arizona","February 29-March 1, 2020"
"https://www.musicfestivalwizard.com/festivals/savannah-stopover-2020/","Savannah Stopover 2020","Savannah, GA","March 5-7, 2020"
"https://www.musicfestivalwizard.com/festivals/okeechobee-music-festival-2020/","Okeechobee Music Festival 2020","Okeechobee, FL","March 5-8, 2020"
"https://www.musicfestivalwizard.com/festivals/mcdowell-mountain-music-festival-m3f-2020/","McDowell Mountain Music Festival (M3F) 2020","Phoenix, AZ","March 6-8, 2020"
"https://www.musicfestivalwizard.com/festivals/gasparilla-music-festival-2020/","Gasparilla Music Festival 2020","Tampa, FL","March 7-8, 2020"
"https://www.musicfestivalwizard.com/festivals/crssd-festival-spring-2020/","CRSSD Festival Spring 2020","San Diego, CA","March 7-8, 2020"
"https://www.musicfestivalwizard.com/festivals/9-mile-music-festival-2020/","9 Mile Music Festival 2020","Miami, FL","Cancelled"
"https://www.musicfestivalwizard.com/festivals/311-day-2020/","311 Day 2020","Las Vegas, NV","March 11-13, 2020"
"https://www.musicfestivalwizard.com/festivals/get-lucky-2020/","Get Lucky 2020","Salt Lake City, UT","Cancelled"
"https://www.musicfestivalwizard.com/festivals/lucky-festival-2020/","Lucky Festival 2020","Tacoma, WA","Cancelled"
"https://www.musicfestivalwizard.com/festivals/pot-of-gold-festival-2020/","Pot of Gold Festival 2020","Chandler, AZ","Cancelled"
"https://www.musicfestivalwizard.com/festivals/burgerama-2020/","Burgerama 2020","Los Angeles, CA","March 14, 2020"
"https://www.musicfestivalwizard.com/festivals/jazz-in-the-gardens-2020/","Jazz in the Gardens 2020","Miami Gardens, FL","Postponed"
"https://www.musicfestivalwizard.com/festivals/campfire-gathering-2020/","Campfire Gathering 2020","Dripping Springs, TX","Cancelled"
"https://www.musicfestivalwizard.com/festivals/south-by-southwest-sxsw-2020/","South By Southwest (SXSW) 2020","Austin, TX","Cancelled"
"https://www.musicfestivalwizard.com/festivals/altus-festival-2020/","Altus Festival 2020","South Lake Tahoe, CA","Cancelled"
"https://www.musicfestivalwizard.com/festivals/suwannee-spring-reunion-2020/","Suwannee Spring Reunion 2020","Live Oak, FL","Cancelled"
"https://www.musicfestivalwizard.com/festivals/ultra-miami-2020/","Ultra Miami 2020","Miami, FL","Cancelled"
"https://www.musicfestivalwizard.com/festivals/snoe-down-2020/","snoe.down 2020","Frisco, CO","Cancelled"
"https://www.musicfestivalwizard.com/festivals/powabunga-tahoe-2020/","Powabunga Tahoe 2020","Crystal Bay, NV","Cancelled"
"https://www.musicfestivalwizard.com/festivals/big-ears-2020/","Big Ears 2020","Knoxville, TN","Cancelled"
"https://www.musicfestivalwizard.com/festivals/savannah-music-festival-2020/","Savannah Music Festival 2020","Savannah, GA","Cancelled"
"https://www.musicfestivalwizard.com/festivals/winterwondergrass-california-2020/","WinterWonderGrass California 2020","Squaw Valley, CA","Cancelled"
"https://www.musicfestivalwizard.com/festivals/viva-las-vegas-rockabilly-2020/","Viva Las Vegas Rockabilly 2020","Las Vegas, NV","Cancelled`"
"https://www.musicfestivalwizard.com/festivals/winterwondergrass-vermont-2020/","WinterWonderGrass Vermont 2020","Stratton, VT","Cancelled"
"https://www.musicfestivalwizard.com/festivals/suwannee-rising-2020/","Suwannee Rising 2020","Live Oak, FL","Postponed"
"https://www.musicfestivalwizard.com/festivals/old-settlers-music-festival-2020/","Old Settler’s Music Festival 2020","Dale, TX","Postponed"
"https://www.musicfestivalwizard.com/festivals/moogfest-2020/","Moogfest 2020","Durham, NC","Cancelled"
"https://www.musicfestivalwizard.com/festivals/98rockfest-2020/","98ROCKFEST 2020","Tampa Bay, FL","Postponed"
"https://www.musicfestivalwizard.com/festivals/powabunga-vail-2020/","Powabunga Vail 2020","Vail, CO","Postonponed"
"https://www.musicfestivalwizard.com/festivals/ubbi-dubbi-2020/","Ubbi Dubbi 2020","Fort Worth, TX","Cancelled"
"https://www.musicfestivalwizard.com/festivals/baton-rouge-blues-festival-2020/","Baton Rouge Blues Festival 2020","Baton Rogue, LA","Postponed"
"https://www.musicfestivalwizard.com/festivals/kryptonite-festival-2020/","Kryptonite Festival 2020","Atlanta, GA","Cancelled"
"https://www.musicfestivalwizard.com/festivals/high-water-fest-2020/","High Water Fest 2020","North Charleston, SC","Cancelled"
"https://www.musicfestivalwizard.com/festivals/something-in-the-water-festival-2020/","Something in the Water Festival 2020","Virginia Beach, VA","Cancelled"
"https://www.musicfestivalwizard.com/festivals/new-orleans-jazz-festival-2020/","New Orleans Jazz Festival 2020","New Orleans, LA","Cancelled"
"https://www.musicfestivalwizard.com/festivals/merlefest-2020/","MerleFest 2020","Wilkesboro, NC","Cancelled"
"https://www.musicfestivalwizard.com/festivals/sandjam-music-festival-2020/","SandJam Music Festival 2020","Panama City Beach, FL","Cancelled"
"https://www.musicfestivalwizard.com/festivals/sweetwater-420-festival-2020/","SweetWater 420 Festival 2020","Atlanta, GA","Cancelled"
"https://www.musicfestivalwizard.com/festivals/serenity-gathering-2020/","Serenity Gathering 2020","Oakdale, CA","Cancelled"
"https://www.musicfestivalwizard.com/festivals/freshgrass-festival-bentonville-2020/","FreshGrass Festival Bentonville 2020","Bentonville, AR","Postponed"
"https://www.musicfestivalwizard.com/festivals/tuck-fest-2020/","Tuck Fest 2020","Charlotte, NC","Cancelled"
"https://www.musicfestivalwizard.com/festivals/charm-city-bluegrass-festival-2020/","Charm City Bluegrass Festival 2020","Baltimore, MD","Postponed"
"https://www.musicfestivalwizard.com/festivals/fortress-festival-2020/","Fortress Festival 2020","Fort Worth, TX","Postponed"
"https://www.musicfestivalwizard.com/festivals/wanee-block-party-2020/","Wanee Block Party 2020","Ft. Lauderdale, FL","Cancelled"
"https://www.musicfestivalwizard.com/festivals/sunfest-2020/","Sunfest 2020","West Palm Beach, FL","Cancelled"
"https://www.musicfestivalwizard.com/festivals/just-like-heaven-festival-2020/","Just Like Heaven Festival 2020","Long Beach, CA","Cancelled"
"https://www.musicfestivalwizard.com/festivals/beachlife-festival-2020/","Beachlife Festival 2020","Redondo Beach, CA","Postponed"
"https://www.musicfestivalwizard.com/festivals/jmblya-2020/","JMBLYA 2020","Texas Tour","Postponed"
"https://www.musicfestivalwizard.com/festivals/waking-windows-2020/","Waking Windows 2020","Winooski, VT","Cancelled"
"https://www.musicfestivalwizard.com/festivals/epicenter-festival-2020/","Epicenter Festival 2020","Concord, NC","Cancelled"
"https://www.musicfestivalwizard.com/festivals/iheartradio-country-2020/","iHeartRadio Country 2020","Austin, TX","Postponed"
"https://www.musicfestivalwizard.com/festivals/soundset-2020/","Soundset 2020","St Paul, MN","Cancelled"
"https://www.musicfestivalwizard.com/festivals/welcome-to-rockville-2020/","Welcome to Rockville 2020","Daytona Beach, FL","Cancelled"
"https://www.musicfestivalwizard.com/festivals/shaky-boots-music-festival-2020/","Shaky Boots Music Festival 2020","Atlanta, GA","Cancelled"
"https://www.musicfestivalwizard.com/festivals/the-national-homecoming-2020/","The National Homecoming 2020","Cincinnati, OH","Cancelled"
"https://www.musicfestivalwizard.com/festivals/rolling-loud-miami-2020/","Rolling Loud Miami 2020","Miami, FL","Cancelled"
"https://www.musicfestivalwizard.com/festivals/form-arcosanti-festival-2020/","FORM Arcosanti Festival 2020","Arcosanti, AZ","Cancelled"
"https://www.musicfestivalwizard.com/festivals/shaky-beats-festival-2020/","Shaky Beats Festival 2020","Atlanta, GA","Cancelled"
"https://www.musicfestivalwizard.com/festivals/domefest-2020/","Domefest 2020","Masontown, WV","Cancelled"
"https://www.musicfestivalwizard.com/festivals/fishermans-village-music-festival-2020/","Fisherman’s Village Music Festival 2020","Everett, WA","Cancelled"
"https://www.musicfestivalwizard.com/festivals/joshua-tree-festival-spring-2020/","Joshua Tree Festival Spring 2020","Joshua Tree, CA","Cancelled"
"https://www.musicfestivalwizard.com/festivals/hangout-fest-2020/","Hangout Fest 2020","Gulf Shores, AL","Cancelled"
"https://www.musicfestivalwizard.com/festivals/sonic-temple-2020/","Sonic Temple 2020","Columbus, OH","Cancelled"
"https://www.musicfestivalwizard.com/festivals/hipnic-2020/","Hipnic 2020","Big Sur, CA","Postponed"
"https://www.musicfestivalwizard.com/festivals/rhythm-n-blooms-2020/","Rhythm N Blooms 2020","Knoxville, TN","Cancelled"
"https://www.musicfestivalwizard.com/festivals/trondossa-festival-2020/","Trondossa Festival 2020","North Charleston, SC","Cancelled"
"https://www.musicfestivalwizard.com/festivals/chicago-open-air-2020/","Chicago Open Air 2020","Bridgeview, IL","Cancelled"
"https://www.musicfestivalwizard.com/festivals/lightning-in-a-bottle-2020/","Lightning in a Bottle 2020","Bakersfield, CA","Cancelled"
"https://www.musicfestivalwizard.com/festivals/maryland-deathfest-2020/","Maryland Deathfest 2020","Baltimore, MD","Cancelled"
"https://www.musicfestivalwizard.com/festivals/rooster-walk-2020/","Rooster Walk 2020","Axton, VA","Cancelled"
"https://www.musicfestivalwizard.com/festivals/delfest-2020/","DelFest 2020","Cumberland, MD","Postponed"
"https://www.musicfestivalwizard.com/festivals/punk-rock-bowling-2020/","Punk Rock Bowling 2020","Las Vegas, NV","Cancelled"
"https://www.musicfestivalwizard.com/festivals/dark-star-jubilee-2020/","Dark Star Jubilee 2020","Thornville, OH","Cancelled"
"https://www.musicfestivalwizard.com/festivals/rocklahoma-2020/","Rocklahoma 2020","Pryor, OK","Cancelled"
"https://www.musicfestivalwizard.com/festivals/boston-calling-2020/","Boston Calling 2020","Allston, MA","Cancelled"
"https://www.musicfestivalwizard.com/festivals/bigfoot-electro-2020/","Bigfoot Electro 2020","Tracy City, TN","Cancelled"
"https://www.musicfestivalwizard.com/festivals/gather-outdoors-festival-2020/","Gather Outdoors Festival 2020","Monticello, NY","Cancelled"
"https://www.musicfestivalwizard.com/festivals/illfest-2020/","ILLfest 2020","Austin, TX","Cancelled"
"https://www.musicfestivalwizard.com/festivals/riverbend-festival-2020/","Riverbend Festival 2020","Chattanooga, TN","Postponed"
"https://www.musicfestivalwizard.com/festivals/campout-for-the-cause/","Campout for the Cause 2020","Buena Vista, CO","Cancelled"
"https://www.musicfestivalwizard.com/festivals/camp-anarchy-2020/","Camp Anarchy 2020","Thornville, OH","Cancelled"
"https://www.musicfestivalwizard.com/festivals/mountain-jam-2020/","Mountain Jam 2020","Bethel NY","Cancelled"
"https://www.musicfestivalwizard.com/festivals/cma-music-festival-2020/","CMA Music Festival 2020","Nashville, TN","Cancelled"
"https://www.musicfestivalwizard.com/festivals/disc-jam-2020/","Disc Jam 2020","Stephentown, NY","Cancelled"
"https://www.musicfestivalwizard.com/festivals/nelsonville-music-festival-2020/","Nelsonville Music Festival 2020","Nelsonville, OH","Cancelled"
"https://www.musicfestivalwizard.com/festivals/backwoods-music-festival-2020/","Backwoods Music Festival 2020","Ozark, AR","Cancelled"
"https://www.musicfestivalwizard.com/festivals/born-raised-festival-2020/","Born & Raised Festival 2020","Pyror, OK","Cancelled"
"https://www.musicfestivalwizard.com/festivals/governors-ball-music-festival-2020/","Governors Ball Music Festival 2020","New York City, NY","Cancelled"
"https://www.musicfestivalwizard.com/festivals/oblivion-access-festival-2020/","Oblivion Access Festival 2020","Austin, TX","Cancelled"
"https://www.musicfestivalwizard.com/festivals/chicago-blues-festival-2020/","Chicago Blues Festival 2020","Chicago, IL","Cancelled"
"https://www.musicfestivalwizard.com/festivals/bunbury-music-festival-2020/","Bunbury Music Festival 2020","Cincinnati, OH","Cancelled"
"https://www.musicfestivalwizard.com/festivals/playboy-jazz-festival-2020/","Playboy Jazz Festival 2020","Los Angeles, CA","Cancelled"
"https://www.musicfestivalwizard.com/festivals/hot-97-summer-jam-2020/","Hot 97 Summer Jam 2020","East Rutherford, NJ","Cancelled"
"https://www.musicfestivalwizard.com/festivals/virgin-fest-2020/","Virgin Fest 2020","Los Angeles, CA","Cancelled"
"https://www.musicfestivalwizard.com/festivals/middle-waves-2020/","Middle Waves 2020","Fort Wayne, IN","Cancelled"
"https://www.musicfestivalwizard.com/festivals/beyond-wonderland-at-the-gorge-2020/","Beyond Wonderland at The Gorge 2020","George, WA","Cancelled"
"https://www.musicfestivalwizard.com/festivals/spring-awakening-2020/","Spring Awakening 2020","Chicago, IL","Cancelled"
"https://www.musicfestivalwizard.com/festivals/taste-of-country-2020/","TrailBlazer Music Festival 2020","Hunter Mountain, NY","Cancelled"
"https://www.musicfestivalwizard.com/festivals/paradiso-festival-2020/","Paradiso Festival 2020","George, WA","Cancelled"
"https://www.musicfestivalwizard.com/festivals/second-sky-festival-2020/","Second Sky Festival 2020","Oakland, CA","Cancelled"
"https://www.musicfestivalwizard.com/festivals/clearwater-festival-2020/","Clearwater Festival 2020","Croton-On-Hudson, NY","Cancelled"
"https://www.musicfestivalwizard.com/festivals/country-jam-colorado-2020/","Country Jam Colorado 2020","Grand Junction, CO","Cancelled"
"https://www.musicfestivalwizard.com/festivals/sonic-bloom-2020/","Sonic Bloom 2020","Rye, CO","Cancelled"
"https://www.musicfestivalwizard.com/festivals/firefly-music-festival-2020/","Firefly Music Festival 2020","Dover, DE","Cancelled"
"https://www.musicfestivalwizard.com/festivals/telluride-bluegrass-festival-2020/","Telluride Bluegrass Festival 2020","Telluride, CO","Cancelled"
"https://www.musicfestivalwizard.com/festivals/4-peaks-music-festival-2020/","4 Peaks Music Festival 2020","Bend, OR","Cancelled"
"https://www.musicfestivalwizard.com/festivals/stilldream-festival-2020/","Stilldream Festival 2020","Belden, CA","Cancelled"
"https://www.musicfestivalwizard.com/festivals/beyond-wonderland-2020/","Beyond Wonderland 2020","San Bernardino, CA","Cancelled"
"https://www.musicfestivalwizard.com/festivals/country-lakeshake-2020/","Country LakeShake 2020","Chicago, IL","Cancelled"
"https://www.musicfestivalwizard.com/festivals/maypop-fest-2020/","Maypop Music Fest 2020","Nashville, TN","Cancelled"
"https://www.musicfestivalwizard.com/festivals/camp-nowhere-texas-2020/","Camp Nowhere Texas 2020","Dallas/Austin, TX","Cancelled"
"https://www.musicfestivalwizard.com/festivals/romp-fest-2020/","ROMP Fest 2020","Owensboro, KY","Postponed"
"https://www.musicfestivalwizard.com/festivals/heartland-stampede-2020/","Heartland Stampede 2020","Topeka, Kansas","Cancelled"
"https://www.musicfestivalwizard.com/festivals/kate-wolf-music-festival-2020/","Kate Wolf Music Festival 2020","Laytonville, CA","Cancelled"
"https://www.musicfestivalwizard.com/festivals/electric-forest-2020/","Electric Forest 2020","Rothbury, MI","Cancelled"
"https://www.musicfestivalwizard.com/festivals/shadow-of-the-city-2020/","Shadow of the City 2020","Asbury Park, NJ","Cancelled"
"https://www.musicfestivalwizard.com/festivals/essence-music-festival-2020/","Essence Music Festival 2020","New Orleans, LA","Cancelled"
"https://www.musicfestivalwizard.com/festivals/the-peach-music-festival-2020/","The Peach Music Festival 2020","Scranton, PA","Cancelled"
"https://www.musicfestivalwizard.com/festivals/moe-down-2020/","moe.down 2020","Turin, NY","Cancelled"
"https://www.musicfestivalwizard.com/festivals/waterfront-blues-fest-2020/","Waterfront Blues Fest 2020","Portland, OR","Cancelled"
"https://www.musicfestivalwizard.com/festivals/high-sierra-music-festival-2020/","High Sierra Music Festival 2020","Quincy, CA","Cancelled"
"https://www.musicfestivalwizard.com/festivals/sunset-music-festival-2020/","Sunset Music Festival 2020","Tampa, FL","July 3-4, 2020"
"https://www.musicfestivalwizard.com/festivals/great-blue-heron-festival-2020/","Great Blue Heron Festival 2020","Sherman, NY","Cancelled"
"https://www.musicfestivalwizard.com/festivals/d-c-jam-2020/","D.C. Jam 2020","Landover, MD","July 4, 2020"
"https://www.musicfestivalwizard.com/festivals/camp-bisco-2020/","Camp Bisco 2020","Scranton, PA","Cancelled"
"https://www.musicfestivalwizard.com/festivals/4848-festival-2020/","4848 Festival 2020","Snowshoe, WV","Cancelled"
"https://www.musicfestivalwizard.com/festivals/the-ride-festival-2020/","The Ride Festival 2020","Telluride, CO","July 10-12, 2020"
"https://www.musicfestivalwizard.com/festivals/levitate-festival-2020/","Levitate Festival 2020","Marshfield, MA","Cancelled"
"https://www.musicfestivalwizard.com/festivals/global-dance-festival-2020/","Global Dance Festival 2020","Denver, CO","Cancelled"
"https://www.musicfestivalwizard.com/festivals/targhee-festival-2020/","Targhee Festival 2020","Alta, WY","Cancelled"
"https://www.musicfestivalwizard.com/festivals/green-river-music-festival-2020/","Green River Music Festival 2020","Greenfield, MA","Cancelled"
"https://www.musicfestivalwizard.com/festivals/inkcarceration-festival-2020/","Inkcarceration Festival 2020","Mansfield, OH","Cancelled"
"https://www.musicfestivalwizard.com/festivals/80-35-music-festival-2020/","80/35 Music Festival 2020","Des Moines, IA","Cancelled"
"https://www.musicfestivalwizard.com/festivals/basilica-block-party-2020/","Basilica Block Party 2020","Minneapolis, MN","Cancelled"
"https://www.musicfestivalwizard.com/festivals/audiotistic-bay-area-2020/","Audiotistic Bay Area 2020","Mountain View, CA","Cancelled"
"https://www.musicfestivalwizard.com/festivals/four-chord-music-festival-2020/","Four Chord Music Fest 2020","Washington, PA","Cancelled"
"https://www.musicfestivalwizard.com/festivals/burger-boogaloo-2020/","Burger Boogaloo 2020","Oakland, CA","October 31-November 1, 2020"
"https://www.musicfestivalwizard.com/festivals/grassroots-finger-lakes-festival-2020/","Grassroots Finger Lakes Festival 2020","Trumansburg, NY","Cancelled"
"https://www.musicfestivalwizard.com/festivals/great-south-bay-music-festival-2020/","Great South Bay Music Festival 2020","Patchogue, NY","July 16-19, 2020"
"https://www.musicfestivalwizard.com/festivals/country-thunder-wisconsin-2020/","Country Thunder Wisconsin 2020","Twin Lakes, WI","July 16-19, 2020"
"https://www.musicfestivalwizard.com/festivals/wanderlust-squaw-valley-2020/","Wanderlust Squaw Valley 2020","Squaw Valley, CA","Cancelled"
"https://www.musicfestivalwizard.com/festivals/moondance-jam-2020/","Moondance Jam 2020","Walker, MN","July 16-18, 2020"
"https://www.musicfestivalwizard.com/festivals/country-jam-wisconsin-2020/","Country Jam Wisconsin 2020","Eau Claire, WI","July 16-18, 2020"
"https://www.musicfestivalwizard.com/festivals/rock-usa-2020/","Rock USA 2020","Oshkosh, WI","July 16-18, 2020"
"https://www.musicfestivalwizard.com/festivals/rock-fest-wisconsin-2020/","Rock Fest Wisconsin 2020","Cadott, WI","July 16-18, 2020"
"https://www.musicfestivalwizard.com/festivals/northwest-string-summit-2020/","Northwest String Summit 2020","North Plains, OR","Cancelled"
"https://www.musicfestivalwizard.com/festivals/forecastle-festival-2020/","Forecastle Festival 2020","Louisville, KY","Cancelled"
"https://www.musicfestivalwizard.com/festivals/pitchfork-festival-2020/","Pitchfork Festival 2020","Chicago, IL","Cancelled"
"https://www.musicfestivalwizard.com/festivals/faster-horses-country-festival-2020/","Faster Horses Country Festival 2020","Brooklyn, MI","July 17-19, 2020"
"https://www.musicfestivalwizard.com/festivals/northern-nights-2020/","Northern Nights 2020","Piercy, CA","Cancelled"
"https://www.musicfestivalwizard.com/festivals/under-the-big-sky-fest-2020/","Under the Big Sky Fest 2020","Whitefish, MT","Cancelled"
"https://www.musicfestivalwizard.com/festivals/big-dub-festival-2020/","Big Dub Festival 2020","Artemas, PA","July 21-26, 2020"
"https://www.musicfestivalwizard.com/festivals/floydfest-2020/","Floydfest 2020","Floyd, VA","Cancelled"
"https://www.musicfestivalwizard.com/festivals/red-ants-pants-festival-2020/","Red Ants Pants Festival 2020","White Sulphur Springs, MT","Cancelled"
"https://www.musicfestivalwizard.com/festivals/capitol-hill-block-party-2020/","Capitol Hill Block Party 2020","Seattle, WA","Cancelled"
"https://www.musicfestivalwizard.com/festivals/rockygrass-festival-2020/","Rockygrass Festival 2020","Lyons, CO","July 24-26, 2020"
"https://www.musicfestivalwizard.com/festivals/beach-road-weekend-2020/","Beach Road Weekend 2020","Martha's Vineyard, MA","Cancelled"
"https://www.musicfestivalwizard.com/festivals/suboctave-music-festival-2020/","SubOctave Music Festival 2020","Houston, MN","July 24-26, 2020"
"https://www.musicfestivalwizard.com/festivals/mopop-festival-2020/","Mo Pop Festival 2020","Detroit, MI","Cancelled"
"https://www.musicfestivalwizard.com/festivals/underground-music-showcase-ums-2020/","Underground Music Showcase (UMS) 2020","Denver, Co","July 25, 2020"
"https://www.musicfestivalwizard.com/festivals/float-fest-2020/","Float Fest 2020","Gonzales, TX","Cancelled"
"https://www.musicfestivalwizard.com/festivals/camp-fuzz-2020/","Camp Fuzz 2020","Woodstock, NY","July 28-31, 2020"
"https://www.musicfestivalwizard.com/festivals/lollapalooza-chicago-2020/","Lollapalooza Chicago 2020","Chicago, IL","July 30-August 2, 2020"
"https://www.musicfestivalwizard.com/festivals/pickathon-2020/","Pickathon 2020","Happy Valley, OR","Cancelled"
"https://www.musicfestivalwizard.com/festivals/watershed-country-music-festival-2020/","Watershed Country Music Festival 2020","George, WA","July 31-August 2, 2020"
"https://www.musicfestivalwizard.com/festivals/newport-folk-festival-2020/","Newport Folk Festival 2020","Newport, RI","Cancelled"
"https://www.musicfestivalwizard.com/festivals/xponential-festival-2020/","XPoNential Festival 2020","Camden, NJ","Cancelled"
"https://www.musicfestivalwizard.com/festivals/hinterland-festival-2020/","Hinterland Festival 2020","Des Moines, IA","July 31-August 2, 2020"
"https://www.musicfestivalwizard.com/festivals/arise-music-festival-2020/","Arise Music Festival 2020","Loveland, CO","Cancelled"
"https://www.musicfestivalwizard.com/festivals/musikfest-2020/","Musikfest 2020","Bethlehem, PA","July 31-August 9, 2020"
"https://www.musicfestivalwizard.com/festivals/flood-city-festival-2020/","Flood City Festival 2020","Johnstown, PA","Cancelled"
"https://www.musicfestivalwizard.com/festivals/what-music-festival-2020/","What? Music Festival 2020","Columbus, OH","July 31-August 2, 2020"
"https://www.musicfestivalwizard.com/festivals/hard-summer-2020/","Hard Summer 2020","Fontana, CA","August 1-2, 2020"
"https://www.musicfestivalwizard.com/festivals/roots-picnic-2020/","Roots Picnic 2020","Philadelphia, PA","August 1, 2020"
"https://www.musicfestivalwizard.com/festivals/gathering-of-the-juggalos-2020/","Gathering of the Juggalos 2020","Springville, IN","August 5-9, 2020"
"https://www.musicfestivalwizard.com/festivals/maha-music-festival-2020/","MAHA Festival 2020","Omaha, NE","Cancelled"
"https://www.musicfestivalwizard.com/festivals/bellwether-2020/","Bellwether 2020","Waynesville, Ohio","August 6-8, 2020"
"https://www.musicfestivalwizard.com/festivals/we-fest-2020/","WE Fest 2020","Detroit Lakes, MN","Cancelled"
"https://www.musicfestivalwizard.com/festivals/summer-meltdown-2020/","Summer Meltdown 2020","Darrington, WA","August 6-9, 2020"
"https://www.musicfestivalwizard.com/festivals/newport-jazz-festival-2020/","Newport Jazz Festival 2020","Newport, RI","August 7-9, 2020"
"https://www.musicfestivalwizard.com/festivals/the-werk-out-2020/","The Werk Out 2020","Thornville, OH","Cancelled"
"https://www.musicfestivalwizard.com/festivals/secret-stages-festival-2020/","Secret Stages Festival 2020","Birmingham, AL","Cancelled"
"https://www.musicfestivalwizard.com/festivals/oregon-jamboree-2020/","Oregon Jamboree 2020","Sweet Home, OR","July 31-August 2, 2020"
"https://www.musicfestivalwizard.com/festivals/moonrise-festival-2020/","Moonrise Festival 2020","Baltimore, MD","August 7-9, 2020"
"https://www.musicfestivalwizard.com/festivals/peak-to-sky-festival-2020/","Peak to Sky Festival 2020","Big Sky, MT","August 7-8, 2020"
"https://www.musicfestivalwizard.com/festivals/outside-lands-2020/","Outside Lands 2020","San Francisco, CA","August 7-9, 2020"
"https://www.musicfestivalwizard.com/festivals/telluride-jazz-festival-2020/","Telluride Jazz Festival 2020","Telluride, CO","August 7-9, 2020"
"https://www.musicfestivalwizard.com/festivals/rockin-the-rivers-2019-2/","Rockin’ The Rivers 2020","Three Forks, MT","August 13-15, 2020"
"https://www.musicfestivalwizard.com/festivals/country-usa-2020/","Country USA 2020","Oshkosh, WI","August 13-15, 2020"
"https://www.musicfestivalwizard.com/festivals/philadelphia-folk-festival-2020/","Philadelphia Folk Festival 2020","Upper Salford, PA","August 13-16, 2020"
"https://www.musicfestivalwizard.com/festivals/country-fest-2020/","Country Fest 2020","Cadott, WI","August 13-15, 2020"
"https://www.musicfestivalwizard.com/festivals/moonlight-music-fest-2020/","Moonlight Music Fest 2020","Big Sky, MT","Postponed"
"https://www.musicfestivalwizard.com/festivals/taos-vortex-2020/","Taos Vortex 2020","Taos, New Mexico","August 14-16, 2020"
"https://www.musicfestivalwizard.com/festivals/515-alive-2020/","515 Alive 2020","Des Moines, IA","Cancelled"
"https://www.musicfestivalwizard.com/festivals/das-energi-festival-2020/","Das Energi Festival 2020","Salt Lake City, UT","August 14-15, 2020"
"https://www.musicfestivalwizard.com/festivals/psycho-las-vegas-2020/","Psycho Las Vegas 2020","Las Vegas, NV","August 14-16, 2020"
"https://www.musicfestivalwizard.com/festivals/hoxeyville-2020/","Hoxeyville 2020","Wellston, MI","August 14-16, 2020"
"https://www.musicfestivalwizard.com/festivals/charleston-bluegrass-festival-2020/","Charleston Bluegrass Festival 2020","Charleston, SC","August 21-22, 2020"
"https://www.musicfestivalwizard.com/festivals/summer-camp-2020/","Summer Camp 2020","Chillicothe, IL","August 21-23, 2020"
"https://www.musicfestivalwizard.com/festivals/railbird-festival-2020/","Railbird Festival 2020","Lexington, KY","August 22-23, 2020"
"https://www.musicfestivalwizard.com/festivals/so-cal-hoedown-2020/","So-Cal Hoedown 2020","Los Angeles, CA","August 22, 2020"
"https://www.musicfestivalwizard.com/festivals/afropunk-brooklyn-2020/","Afropunk Brooklyn 2020","Brooklyn, NY","August 22-23, 2020"
"https://www.musicfestivalwizard.com/festivals/norman-music-festival-2020/","Norman Music Festival 2020","Norman, OK","August 27-29, 2020"
"https://www.musicfestivalwizard.com/festivals/blue-ox-music-festival-2020/","Blue Ox Music Festival 2020","Eau Claire, WI","August 27-29, 2020"
"https://www.musicfestivalwizard.com/festivals/deep-tropics-2020/","Deep Tropics 2020","Nashville, TN","August 28-29, 2020"
"https://www.musicfestivalwizard.com/festivals/bass-canyon-2020/","Bass Canyon 2020","George, WA","August 28-30, 2020"
"https://www.musicfestivalwizard.com/festivals/electric-zoo-2020/","Electric Zoo 2020","New York City, NY","August 28-30, 2020"
"https://www.musicfestivalwizard.com/festivals/kosmic-kingdom-2020/","Kosmic Kingdom 2020","Des Moines, IA","August 28-29, 2020"
"https://www.musicfestivalwizard.com/festivals/dreamville-festival-2020/","Dreamville Festival 2020","Raleigh, NC","August 29, 2020"
"https://www.musicfestivalwizard.com/festivals/burning-man-2020/","Burning Man 2020","Gerlach, NV","Cancelled"
"https://www.musicfestivalwizard.com/festivals/summerfest-2020/","Summerfest 2020","Milwaukee, WI","September 3-19, 2020"
"https://www.musicfestivalwizard.com/festivals/buku-music-art-project-2020/","BUKU Music + Art Project 2020","New Orleans, LA","Cancelled"
"https://www.musicfestivalwizard.com/festivals/m3-rock-festival-2020/","M3 Rock Festival 2020","Columbia, MD","September 4-6, 2020"
"https://www.musicfestivalwizard.com/festivals/north-coast-music-festival-2020/","North Coast Music Festival 2020","Chicago, IL","September 4-6, 2020"
"https://www.musicfestivalwizard.com/festivals/bumbershoot-2020/","Bumbershoot 2020","Seattle, WA","September 4-6, 2020"
"https://www.musicfestivalwizard.com/festivals/gulf-coast-jam-2020/","Gulf Coast Jam 2020","Panama City Beach, FL","September 4-6, 2020"
"https://www.musicfestivalwizard.com/festivals/made-in-america-2020/","Made In America Festival 2020","Philadelphia, PA","September 4-6, 2020"
"https://www.musicfestivalwizard.com/festivals/neon-desert-2020/","Neon Desert 2020","El Paso, TX","September 5-6, 2020"
"https://www.musicfestivalwizard.com/festivals/one-musicfest-2020/","One Musicfest 2020","Atlanta, GA","September 5-6, 2020"
"https://www.musicfestivalwizard.com/festivals/infrasound-music-festival-2020/","Infrasound Music Festival 2020","Ellendale, MN","September 10-12, 2020"
"https://www.musicfestivalwizard.com/festivals/hopscotch-festival-2020/","Hopscotch Festival 2020","Raleigh, NC","September 10-12, 2020"
"https://www.musicfestivalwizard.com/festivals/dancefestopia-2020/","Dancefestopia 2020","Kansas City, MO","September 10-13, 2020"
"https://www.musicfestivalwizard.com/festivals/movement-detroit-2020/","Movement Detroit 2020","Detroit, MI","September 11-13, 2020"
"https://www.musicfestivalwizard.com/festivals/bristol-rhythm-and-roots-2020/","Bristol Rhythm and Roots 2020","Bristol, TN/VA","September 11-13, 2020"
"https://www.musicfestivalwizard.com/festivals/riot-fest-chicago-2020/","Riot Fest Chicago 2020","Chicago, IL","September 11-13, 2020"
"https://www.musicfestivalwizard.com/festivals/bass-center-2020/","Bass Center 2020","Hampton, VA","September 11-12, 2020"
"https://www.musicfestivalwizard.com/festivals/nocturnal-wonderland-2020/","Nocturnal Wonderland 2020","San Bernardino, CA","September 12-13, 2020"
"https://www.musicfestivalwizard.com/festivals/grand-point-north-2020/","Grand Point North 2020","Burlington, VT","September 12-13, 2020"
"https://www.musicfestivalwizard.com/festivals/laurelive-2020/","Wonderstruck 2020","Kirtland, OH","September 12-13, 2020"
"https://www.musicfestivalwizard.com/festivals/cruel-world-festival-2020/","Cruel World Festival 2020","Los Angeles, CA","September 12, 2020"
"https://www.musicfestivalwizard.com/festivals/sonoma-harvest-music-festival-2020/","Sonoma Harvest Music Festival 2020","Sonoma, CA","September 12-20, 2020"
"https://www.musicfestivalwizard.com/festivals/moon-river-festival-2020/","Moon River Festival 2020","Chattanooga, TN","September 12-13, 2020"
"https://www.musicfestivalwizard.com/festivals/hometown-rising-2020/","Hometown Rising 2020","Louisville, KY","Cancelled"
"https://www.musicfestivalwizard.com/festivals/americanafest-2020/","Americanafest 2020","Nashville, TN","September 15-20, 2020"
"https://www.musicfestivalwizard.com/festivals/utopiafest-2020/","UtopiaFest 2020","Burnet, TX","September 17-19, 2020"
"https://www.musicfestivalwizard.com/festivals/imagine-festival-2020/","Imagine Festival 2020","Atlanta, GA","September 17-20, 2020"
"https://www.musicfestivalwizard.com/festivals/louder-than-life-2020/","Louder Than Life 2020","Louisville, KY","Cancelled"
"https://www.musicfestivalwizard.com/festivals/mission-creek-festival-2020/","Mission Creek Festival 2020","Iowa City, IA","September 17-20, 2020"
"https://www.musicfestivalwizard.com/festivals/carolina-country-music-festival-2020/","Carolina Country Music Festival 2020","Myrtle Beach, SC","Postponed"
"https://www.musicfestivalwizard.com/festivals/resonance-music-festival-2020/","Resonance Music Festival 2020","Slippery Rock, PA","September 17-20, 2020"
"https://www.musicfestivalwizard.com/festivals/telluride-blues-and-brews-2020/","Telluride Blues and Brews 2020","Telluride, CO","September 18-20, 2020"
"https://www.musicfestivalwizard.com/festivals/strange-creek-campout-2020/","Strange Creek Campout 2020","Greenfield, MA","September 18-21, 20200"
"https://www.musicfestivalwizard.com/festivals/hog-farm-hangout-2020/","Hog Farm Hangout 2020","Laytonville, CA","September 18-20, 2020"
"https://www.musicfestivalwizard.com/festivals/kaaboo-2020/","KAABOO 2020","San Diego, CA","September 18-20, 2020"
"https://www.musicfestivalwizard.com/festivals/iheartradio-festival-2020/","iHeartRadio Festival 2020","Las Vegas, NV","September 18-19, 2020"
"https://www.musicfestivalwizard.com/festivals/life-is-beautiful-festival-2020/","Life is Beautiful Festival 2020","Las Vegas, NV","Cancelled"
"https://www.musicfestivalwizard.com/festivals/rebel-rock-fest-2020/","Rebel Rock Fest 2020","Orlando, FL","September 18-19, 2020"
"https://www.musicfestivalwizard.com/festivals/primavera-sound-los-angeles-2020/","Primavera Sound Los Angeles 2020","Los Angeles, CA","September 19-20, 2020"
"https://www.musicfestivalwizard.com/festivals/borderland-festival-2020/","Borderland Festival 2020","East Aurora, NY","September 19-20, 2020"
"https://www.musicfestivalwizard.com/festivals/music-midtown-2020/","Music Midtown 2020","Atlanta, GA","September 19-20, 2020"
"https://www.musicfestivalwizard.com/festivals/sea-hear-now-festival-2020/","Sea.Hear.Now Festival 2020","Asbury Park, NJ","September 19-20, 2020"
"https://www.musicfestivalwizard.com/festivals/treefort-music-festival-2020/","Treefort Music Festival 2020","Boise, ID","September 23-27, 2020"
"https://www.musicfestivalwizard.com/festivals/pygmalion-music-festival-2020/","Pygmalion Music Festival 2020","Champaign, IL","September 24-26, 2020"
"https://www.musicfestivalwizard.com/festivals/bonnaroo-music-festival-2020/","Bonnaroo Music Festival 2020","Manchester, TN","September 24-27, 2020"
"https://www.musicfestivalwizard.com/festivals/elements-lakewood-festival-2020/","Elements Lakewood Festival 2020","Lakewood, PA","September 25-27, 2020"
"https://www.musicfestivalwizard.com/festivals/bourbon-beyond-2020/","Bourbon & Beyond 2020","Louisville, KY","Cancelled"
"https://www.musicfestivalwizard.com/festivals/ohana-festival-2020/","Ohana Festival 2020","Dana Point, CA","September 25-27, 2020"
"https://www.musicfestivalwizard.com/festivals/huck-finn-jubilee-2020/","Huck Finn Jubilee 2020","Ontario, CA","September 25-26, 2020"
"https://www.musicfestivalwizard.com/festivals/lost-lands-2020/","Lost Lands 2020","Thornville, OH","September 25-27, 2020"
"https://www.musicfestivalwizard.com/festivals/monterey-jazz-festival-2020/","Monterey Jazz Festival 2020","Monterey, CA","September 25-27, 2020"
"https://www.musicfestivalwizard.com/festivals/freshgrass-festival-2020/","FreshGrass Festival 2020","North Adams, MA","September 25-27, 2020"
"https://www.musicfestivalwizard.com/festivals/pilgrimage-music-festival-2020/","Pilgrimage Music Festival 2020","Franklin, TN","September 26-27, 2020"
"https://www.musicfestivalwizard.com/festivals/suwannee-river-jam-2020-2/","Suwannee River Jam 2020","Live Oak, FL","September 30-October 3, 2020"
"https://www.musicfestivalwizard.com/festivals/gridlife-midwest-2020/","Gridlife Midwest 2020","South Haven, MI","October 1-4, 2020"
"https://www.musicfestivalwizard.com/festivals/bottlerock-napa-valley-2020/","Bottlerock Napa Valley 2020","Napa, CA","October 2-4, 2020"
"https://www.musicfestivalwizard.com/festivals/digital-gardens-2020/","Digital Gardens 2020","Charlotte, NC","October 2-3, 2020"
"https://www.musicfestivalwizard.com/festivals/phoenix-lights-2020/","Phoenix Lights 2020","Phoenix, AZ","October 2-3, 2020"
"https://www.musicfestivalwizard.com/festivals/tortuga-music-festival-2020/","Tortuga Music Festival 2020","Fort Lauderdale, FL","October 2-4, 2020"
"https://www.musicfestivalwizard.com/festivals/hardly-strictly-bluegrass-2020/","Hardly Strictly Bluegrass 2020","San Francisco, CA","October 2-4, 2020"
"https://www.musicfestivalwizard.com/festivals/dirtybird-campout-2020/","Dirtybird Campout 2020","Waterford, CA","October 2-4, 2020"
"https://www.musicfestivalwizard.com/festivals/reggae-rise-up-2020/","Reggae Rise Up 2020","St. Petersburg, FL","October 2-4, 2020"
"https://www.musicfestivalwizard.com/festivals/austin-city-limits-2020/","Austin City Limits 2020","Austin, TX","October 2-11, 2020"
"https://www.musicfestivalwizard.com/festivals/desert-daze-2020/","Desert Daze 2020","Riverside, CA","October 2-4, 2020"
"https://www.musicfestivalwizard.com/festivals/lockn-festival-2020/","Lockn’ Festival 2020","Arrington, VA","Ocotober 2-4, 2020"
"https://www.musicfestivalwizard.com/festivals/electric-daisy-carnival-vegas-2020/","Electric Daisy Carnival Vegas 2020","Las Vegas, NV","October 2-4, 2020"
"https://www.musicfestivalwizard.com/festivals/broccoli-city-festival-2020/","Broccoli City Festival 2020","Washington, DC","October 4, 2020"
"https://www.musicfestivalwizard.com/festivals/a3c-hip-hop-festival-2020/","A3C Hip Hop Festival 2020","Atlanta, GA","October 6-11, 2020"
"https://www.musicfestivalwizard.com/festivals/joshua-tree-festival-fall-2020/","Joshua Tree Festival Fall 2020","Joshua Tree, CA","October 8-11, 2020"
"https://www.musicfestivalwizard.com/festivals/hillberry-2020/","Hillberry 2020","Eureka Springs, AR","October 8-11, 2020"
"https://www.musicfestivalwizard.com/festivals/the-untz-festival-2020/","The Untz Festival 2020","Browns Valley, CA","October 9-11, 2020"
"https://www.musicfestivalwizard.com/festivals/coachella-music-festival-2020/","Coachella Music Festival 2020","Indio, CA","October 9-18, 2020"
"https://www.musicfestivalwizard.com/festivals/exit-111-festival-2020/","Exit 111 Festival 2020","Manchester, TN","Cancelled"
"https://www.musicfestivalwizard.com/festivals/the-festy-2020/","The Festy 2020","Charlottesville, VA","October 9-11, 2020"
"https://www.musicfestivalwizard.com/festivals/aftershock-festival-2020/","Aftershock Festival 2020","Sacramento, CA","October 9-11, 2020"
"https://www.musicfestivalwizard.com/festivals/california-roots-2020/","California Roots 2020","Monterey, CA","October 9-11, 2020"
"https://www.musicfestivalwizard.com/festivals/groove-cruise-cali-2020/","Groove Cruise Cali 2020","Los Angeles, CA","October 15-18, 2020"
"https://www.musicfestivalwizard.com/festivals/iii-points-2020/","III Points 2020","Miami, FL","October 16-17, 2020"
"https://www.musicfestivalwizard.com/festivals/beale-street-music-festival-2020/","Beale Street Music Festival 2020","Memphis, TN","October 16-18, 2020"
"https://www.musicfestivalwizard.com/festivals/huichica-festival-sonoma-2020/","Huichica Festival Sonoma 2020","Sonoma, CA","October 16-17, 2020"
"https://www.musicfestivalwizard.com/festivals/las-rageous-2020/","Las Rageous 2020","Las Vegas, NV","October 16-17, 2020"
"https://www.musicfestivalwizard.com/festivals/shaky-knees-festival-2020/","Shaky Knees Festival 2020","Atlanta, GA","October 16-18, 2020"
"https://www.musicfestivalwizard.com/festivals/levitation-2020/","Levitation 2020","Austin, TX","October 22-25, 2020"
"https://www.musicfestivalwizard.com/festivals/desert-hearts-festival-2020/","Desert Hearts Festival 2020","Warner Springs, CA","October 22-26, 2020"
"https://www.musicfestivalwizard.com/festivals/hangtown-music-festival-2020/","Hangtown Music Festival 2020","Placerville, CA","October 22-25, 2020"
"https://www.musicfestivalwizard.com/festivals/stagecoach-country-music-festival-2020/","Stagecoach Country Music Festival 2020","Indio, CA","October 23-25, 2020"
"https://www.musicfestivalwizard.com/festivals/suwannee-hulaween-2020/","Suwannee Hulaween 2020","Live Oak, FL","October 23-25, 2020"
"https://www.musicfestivalwizard.com/festivals/country-summer-music-festival-2020/","Country Summer Music Festival 2020","Santa Rosa, CA","October 23-25, 2020"
"https://www.musicfestivalwizard.com/festivals/reggae-rise-up-vegas-2020/","Reggae Rise Up Vegas 2020","Las Vegas, NV","October 24-25, 2020"
"https://www.musicfestivalwizard.com/festivals/mala-luna-music-festival-2020/","Mala Luna Music Festival 2020","San Antonio, TX","October 24-25, 2020"
"https://www.musicfestivalwizard.com/festivals/country-thunder-arizona-2020/","Country Thunder Arizona 2020","Florence, AZ","October 29-November 1, 2020"
"https://www.musicfestivalwizard.com/festivals/beach-goth-2020/","Beach Goth 2020","Los Angeles, CA","October 29-31, 2020"
"https://www.musicfestivalwizard.com/festivals/escape-psycho-circus-2020/","Escape Psycho Circus 2020","San Bernardino, CA","October 30-31, 2020"
"https://www.musicfestivalwizard.com/festivals/the-fest-2020/","The Fest 2020","Gainsville, FL","October 30-November 1, 2020"
"https://www.musicfestivalwizard.com/festivals/freaky-deaky-texas-2020/","Freaky Deaky Texas 2020","Houston, TX","October 30-31, 2020"
"https://www.musicfestivalwizard.com/festivals/voodoo-experience-2020/","Voodoo Experience 2020","New Orleans, LA","October 30-November 1, 2020"
"https://www.musicfestivalwizard.com/festivals/hard-day-of-the-dead-2020/","Hard Day of the Dead 2020","Los Angeles, CA","November 2, 2020"
"https://www.musicfestivalwizard.com/festivals/tropicalia-fest-2020/","Tropicalia Fest 2020","Los Angeles, CA","November 6-8, 2020"
"https://www.musicfestivalwizard.com/festivals/lucidity-festival-2020/","Lucidity Festival 2020","Santa Barbara, CA","November 6-8, 2020"
"https://www.musicfestivalwizard.com/festivals/posty-fest-2020/","Posty Fest 2020","Arlington, TX","November 7, 2020"
"https://www.musicfestivalwizard.com/festivals/astroworld-2020/","Astroworld 2020","Houston, TX","November 7, 2020"
"https://www.musicfestivalwizard.com/festivals/camp-flog-gnaw-carnival-2020/","Camp Flog Gnaw Carnival 2020","Los Angeles, CA","November 7-8, 2020"
"https://www.musicfestivalwizard.com/festivals/electric-daisy-carnival-orlando-2020/","Electric Daisy Carnival Orlando 2020","Orlando, FL","November 13-15, 2020"
"https://www.musicfestivalwizard.com/festivals/adult-swim-festival-2020/","Adult Swim Festival 2020","Los Angeles, CA","November 13-14, 2020"
"https://www.musicfestivalwizard.com/festivals/seismic-dance-event-2020/","Seismic Dance Event 2020","Austin, TX","November 13-15, 2020"
"https://www.musicfestivalwizard.com/festivals/dusk-festival-2020/","Dusk Festival 2020","Tucson, AZ","November 14-15, 2020"
"https://www.musicfestivalwizard.com/festivals/wonderfront-festival-2020/","Wonderfront Festival 2020","San Diego, CA","November 20-22, 2020"
"https://www.musicfestivalwizard.com/festivals/riptide-2020/","Riptide 2020","Fort Lauderdale, FL","November 21-22, 2020"
"https://www.musicfestivalwizard.com/festivals/intersect-las-vegas-2020/","Intersect Las Vegas 2020","Las Vegas, NV","December 4-5, 2020"
"https://www.musicfestivalwizard.com/festivals/rolling-loud-los-angeles-2020/","Rolling Loud Los Angeles 2020","Los Angeles, CA","December 12-13, 2020"
"https://www.musicfestivalwizard.com/festivals/the-emerald-cup-2020/","The Emerald Cup 2020","Santa Rosa, CA","December 12-13, 2020"
"https://www.musicfestivalwizard.com/festivals/hijinx-festival-2020/","HiJinx Festival 2020","Philadelphia, PA","December 26-27, 2020"
"https://www.musicfestivalwizard.com/festivals/lights-all-night-2020/","Lights All Night 2020","Dallas, TX","December 26-27, 2020"
"https://www.musicfestivalwizard.com/festivals/audiotistic-socal-2020/","Audiotistic SoCal 2020","San Bernadino, CA","December 26, 2020"
